ccaa;año;emig_2034;pob_2034;parados_adulto;parados_joven;activos_adulto;activos_joven;pib_crec;ipv;salario;ipc;tasa_emig_2034;paro_joven;paro_adulto;ratio_paro_jov_adult;salario_real;post2013;post2014;post2021
Andalucía;2008;1452;1701697;273,4;302,5;1856,6;1504,4;0,0997;134,53425;1601,8;73,1712500000000;0,853265886935218;20,10768412656208;14,72584293870516;1,36546914225952;2189,11116046261;0;0;0
Andalucía;2009;1448;1672609;416,8;439,4;1940,0;1497,9;-4,1104;130,16250;1659,9;72,8320000000000;0,865713385495355;29,33440149542693;21,48453608247423;1,36537281432649;2279,08062390158;0;0;0
Andalucía;2010;1640;1640692;481,6;482,8;2016,3;1480,2;-1,3288;128,10850;1658,8;74,1363333333333;0,999578226748226;32,61721389001486;23,88533452363240;1,36557492455226;2237,49938176962;0;0;0
Andalucía;2011;2282;1607235;546,8;509,4;2081,1;1426,2;-0,2727;120,47600;1677,0;76,5245000000000;1,419829707541212;35,71729070256626;26,27456633511124;1,35938649745996;2191,45502420793;0;0;0
Andalucía;2012;2473;1569038;651,7;567,0;2166,7;1383,7;-3,4876;106,26725;1639,0;78,1778333333333;1,576124988687336;40,97709040977090;30,07799880001847;1,36236092973532;2096,50220544187;0;0;0
Andalucía;2013;3071;1527767;689,1;586,7;2183,7;1334,2;-1,9247;96,92300;1645,4;79,1730000000000;2,010123271415078;43,97391695397992;31,55653249072675;1,39349648022647;2078,23374130070;1;0;0
Andalucía;2014;3656;1489296;692,9;531,9;2216,7;1286,7;1,7129;97,07700;1645,5;78,9539166666667;2,454851151147925;41,33830729773840;31,25817656877340;1,32247980642079;2084,12713323278;1;1;0
Andalucía;2015;4380;1448101;637,9;463,4;2247,1;1224,7;3,7532;100,00000;1653,9;78,5214166666667;3,024650904874729;37,83783783783783;28,38769970183793;1,33289552289395;2106,30433098401;1;1;0
Andalucía;2016;4194;1404918;574,9;414,1;2230,3;1152,7;2,3512;102,84150;1686,4;78,3772500000000;2,985227607589909;35,92435152251237;25,77680132717571;1,39366987651173;2151,64476936866;1;1;0
Andalucía;2017;3535;1367491;484,2;362,9;2208,9;1119,5;2,5355;106,10075;1681,3;79,9022500000000;2,585026153737026;32,41625725770433;21,92041287518674;1,47881599868945;2104,19606456639;1;1;0
Andalucía;2018;3222;1332482;431,1;319,4;2215,5;1070,0;2,5030;111,37050;1749,0;81,1605000000000;2,418043921043586;29,85046728971962;19,45836154366960;1,53406890003187;2154,98918809027;1;1;0
Andalucía;2019;3778;1303905;415,7;282,6;2214,7;1057,0;1,8704;117,35775;1773,0;81,5599166666667;2,897450351060852;26,73604541154210;18,77003657380232;1,42440028320766;2173,86195629185;1;1;0
Andalucía;2020;2881;1282504;407,2;315,4;2155,7;1025,3;-10,7528;120,09750;1837,3;81,3912500000000;2,246386755908754;30,76172827465132;18,88945586120518;1,62851320338079;2257,36796031514;1;1;0
Andalucía;2021;5536;1270231;412,8;299,1;2210,0;1056,4;6,5369;125,59800;1864,5;83,9465833333333;4,358262394792758;28,31313896251420;18,67873303167421;1,51579547255708;2221,05525438300;1;1;1
Andalucía;2022;4828;1258574;368,1;245,0;2210,5;1047,8;5,3629;136,78550;1906,8;91,2290000000000;3,836087508561277;23,38232487115862;16,65234109929880;1,40414640390373;2090,12485065056;1;1;1
Andalucía;2023;4811;1248520;335,1;250,3;2225,1;1071,7;1,9493;143,56825;2100,7;94,8026666666667;3,853362381059174;23,35541662778763;15,05999730349198;1,55082475495345;2215,86593907344;1;1;1
Andalucía;2024;5290;1244559;308,2;223,5;2219,8;1045,0;3,6540;158,47125;2146,5;97,3700833333333;4,250501583291752;21,38755980861244;13,88413370573925;1,54043170873322;2204,47587854243;1;1;1
Aragón;2008;274;221602;18,2;23,8;339,7;240,4;0,6933;171,54975;1820,0;73,4110833333333;1,236450934558352;9,90016638935108;5,35766853105681;1,84784973761679;2479,18967730804;0;0;0
Aragón;2009;311;215320;38,9;39,3;349,8;227,7;-4,2942;156,46625;1904,8;73,1180000000000;1,444361879992569;17,25955204216073;11,12064036592338;1,55202861294289;2605,10407833912;0;0;0
Aragón;2010;283;208518;45,0;42,9;351,9;218,2;0,3249;147,96400;1894,4;74,4305000000000;1,357196980596399;19,66086159486710;12,78772378516624;1,53747937671861;2545,19316677975;0;0;0
Aragón;2011;425;201619;51,9;48,1;357,6;209,8;-1,6002;135,82575;1870,6;76,7876666666667;2,107936256007618;22,92659675881792;14,51342281879195;1,57968227378676;2436,06829221706;0;0;0
Aragón;2012;436;194711;56,9;53,2;367,9;203,6;-4,4038;116,26175;1887,4;78,6020000000000;2,239216068943203;26,12966601178782;15,46615928241370;1,68947348431226;2401,21116511030;0;0;0
Aragón;2013;540;187828;68,0;52,4;366,7;191,8;0,5259;101,49225;1842,7;79,6320000000000;2,874970717890836;27,32012513034411;18,54376874829561;1,47327792430841;2314,01948965240;1;0;0
Aragón;2014;578;182341;61,8;51,8;369,4;181,4;1,1563;99,15700;1875,2;79,3902500000000;3,169884995694880;28,55567805953693;16,72983216025988;1,70687175973996;2362,00289078319;1;1;0
Aragón;2015;801;177104;53,3;39,2;369,2;169,8;1,9447;100,00000;1938,6;78,8174166666667;4,522766284217183;23,08598351001178;14,43661971830986;1,59912666264472;2459,60865248692;1;1;0
Aragón;2016;688;171430;46,7;34,5;369,7;163,0;2,5970;101,89550;1824,6;78,6186666666667;4,013299889167590;21,16564417177914;12,63186367324858;1,67557572811708;2320,82287497456;1;1;0
Aragón;2017;574;167606;35,6;26,5;363,2;158,5;2,4527;104,78800;1906,4;80,0408333333333;3,424698399818622;16,71924290220820;9,80176211453745;1,70573848934888;2381,78429759810;1;1;0
Aragón;2018;524;163792;32,8;21,5;361,8;155,3;2,6426;109,83750;1951,4;81,3769166666667;3,199179447103643;13,84417256922086;9,06578220011056;1,52707976693418;2397,97731338637;1;1;0
Aragón;2019;585;161594;29,2;23,4;363,2;158,9;1,0644;116,51350;1958,4;81,9349166666667;3,620183917719717;14,72624292007552;8,03964757709251;1,83170254403131;2390,18977460769;1;1;0
Aragón;2020;245;159655;33,3;28,2;356,1;155,1;-8,4829;119,48750;1972,4;81,5359166666667;1,534558892612195;18,18181818181818;9,35130581297388;1,94430794430794;2419,05663250653;1;1;0
Aragón;2021;707;158924;30,2;23,8;360,4;156,0;5,4560;124,01900;1975,3;84,3337500000000;4,448667287508495;15,25641025641026;8,37957824639290;1,82066564781797;2342,24139208798;1;1;1
Aragón;2022;629;158726;29,8;20,4;358,2;156,2;3,6336;131,96000;2040,8;91,9054166666667;3,962803825460227;13,06017925736236;8,31937465103294;1,56985107717691;2220,54376555607;1;1;1
Aragón;2023;720;159105;26,6;18,1;359,6;160,7;1,3167;137,11350;2243,8;94,6364166666667;4,525313472235316;11,26322339763535;7,39710789766407;1,52265230593597;2370,96889234852;1;1;1
Aragón;2024;733;160351;20,3;20,8;354,9;164,0;3,0683;151,03750;2353,5;97,3027500000000;4,571221881996371;12,68292682926829;5,71992110453649;2,21732548359966;2418,73944981000;1;1;1
Asturias, Principado de;2008;280;201667;17,6;19,5;254,2;173,3;0,8012;145,64725;1747,8;73,5215833333333;1,388427457144699;11,25216387766878;6,92368214004721;1,62517048733148;2377,26109906502;0;0;0
Asturias, Principado de;2009;297;195104;25,8;32,7;255,5;168,0;-4,9076;144,29775;1842,0;73,1950833333333;1,522265048384452;19,46428571428572;10,09784735812133;1,92756782945736;2516,56247402774;0;0;0
Asturias, Principado de;2010;248;186927;31,2;37,5;264,1;158,3;0,6052;142,19550;1897,3;74,6297500000000;1,326721126429034;23,68919772583702;11,81370692919349;2,00522984595947;2542,28374073342;0;0;0
Asturias, Principado de;2011;428;178456;38,1;38,8;268,2;148,1;-0,8673;134,02650;1914,6;77,2810833333333;2,398350293629802;26,19851451721810;14,20581655480984;1,84421039199945;2477,44974244452;0;0;0
Asturias, Principado de;2012;435;169597;52,9;45,3;271,8;142,0;-3,8865;114,53625;1908,3;79,0359166666667;2,564903860327718;31,90140845070422;19,46284032376747;1,63909316009478;2414,47190148782;0;0;0
Asturias, Principado de;2013;521;160287;59,3;48,6;273,9;136,8;-3,0019;100,76350;1956,6;80,1195833333333;3,250419559914404;35,52631578947368;21,65023731288792;1,64092038697080;2442,09956991372;1;0;0
Asturias, Principado de;2014;620;152222;49,5;38,9;272,9;125,3;-0,1309;98,51050;1907,8;79,8569166666667;4,072998646713352;31,04549082202713;18,13851227555881;1,71157867582449;2389,02286694014;1;1;0
Asturias, Principado de;2015;983;143793;47,1;30,0;271,7;112,2;2,7624;100,00000;1957,3;79,3434166666667;6,836215949316030;26,73796791443850;17,33529628266471;1,54240039965031;2466,87133253021;1;1;0
Asturias, Principado de;2016;592;136093;41,7;31,4;275,9;109,0;1,4179;101,41800;1957,3;79,2575000000000;4,349966566979933;28,80733944954128;15,11417180137731;1,90598200338811;2469,54546888307;1;1;0
Asturias, Principado de;2017;498;129769;33,3;20,2;269,9;99,3;2,0617;102,53550;1958,3;80,6687500000000;3,837588330032597;20,34239677744210;12,33790292701000;1,64877263970920;2427,58193228481;1;1;0
Asturias, Principado de;2018;451;124242;32,4;19,8;266,5;93,1;1,6337;106,12325;1977,1;81,9071666666667;3,630012395164276;21,26745435016112;12,15759849906191;1,74931376059196;2413,83029161062;1;1;0
Asturias, Principado de;2019;507;119309;33,6;20,2;265,0;90,9;1,2765;110,56050;2078,3;82,2926666666667;4,249469863966675;22,22222222222222;12,67924528301887;1,75264550264550;2525,49842432294;1;1;0
Asturias, Principado de;2020;366;115208;30,7;21,5;259,6;86,2;-10,3303;114,07225;2161,5;81,8757500000000;3,176862717866815;24,94199535962877;11,82588597842835;2,10910162715297;2639,97581701542;1;1;0
Asturias, Principado de;2021;567;112388;26,9;18,3;261,4;84,2;5,3963;118,80725;2083,6;84,3567500000000;5,045022600277609;21,73396674584323;10,29074215761285;2,11199215887116;2469,98610069734;1;1;1
Asturias, Principado de;2022;389;109688;25,0;18,5;251,5;85,2;4,8216;126,18175;2096,7;91,4475000000000;3,546422580409890;21,71361502347418;9,94035785288270;2,18438967136150;2292,79094562454;1;1;1
Asturias, Principado de;2023;417;107855;24,9;16,0;250,1;88,3;1,7139;130,90075;2228,5;94,5443333333333;3,866301979509527;18,12004530011325;9,95601759296281;1,82000936930053;2357,09526042456;1;1;1
Asturias, Principado de;2024;404;107682;19,8;13,1;253,4;91,0;3,0037;141,09650;2319,8;97,2461666666667;3,751787671105663;14,39560439560439;7,81373322809787;1,84234654234654;2385,49248727885;1;1;1
Balears, Illes;2008;303;187305;21,6;28,6;271,7;224,3;1,5654;137,52600;1617,0;71,9365000000000;1,617682389685273;12,75078020508248;7,94994479205006;1,60388286190783;2247,81578197438;0;0;0
Balears, Illes;2009;283;185074;46,5;46,6;287,9;223,7;-4,0597;126,27800;1720,5;71,8135833333333;1,529118082496731;20,83147071971391;16,15144147273359;1,28975923015175;2395,78631247803;0;0;0
Balears, Illes;2010;334;181873;51,4;51,7;303,4;215,0;-0,6011;123,72950;1724,8;73,0365000000000;1,836446311437102;24,04651162790698;16,94133157547792;1,41939914939824;2361,55894655412;0;0;0
Balears, Illes;2011;438;178620;56,0;56,7;305,8;205,1;-0,0551;116,97975;1734,0;75,1228333333333;2,452133019818609;27,64505119453925;18,31262262916939;1,50961725987323;2308,21964915239;0;0;0
Balears, Illes;2012;372;175860;60,8;60,8;318,3;204,2;-1,2579;100,78925;1681,2;77,0002500000000;2,115319003752985;29,77473065621939;19,10147659440779;1,55876591576885;2183,36953451450;0;0;0
Balears, Illes;2013;556;173252;59,5;59,0;325,7;199,3;-1,1981;93,58050;1761,1;78,1982500000000;3,209198162214578;29,60361264425489;18,26834510285539;1,62048682995526;2252,09643438312;1;0;0
Balears, Illes;2014;608;172006;53,5;46,3;326,0;186,4;3,2240;93,98725;1707,5;78,3587500000000;3,534760415334349;24,83905579399141;16,41104294478528;1,51355741847499;2179,08019206534;1;1;0
Balears, Illes;2015;435;169517;46,7;41,6;336,6;180,5;4,3052;100,00025;1747,2;78,2786666666667;2,566114313018753;23,04709141274238;13,87403446226976;1,66116723116254;2232,02575414332;1;1;0
Balears, Illes;2016;685;166621;35,4;37,1;343,9;173,5;4,2388;106,17600;1749,3;78,1707500000000;4,111126448646929;21,38328530259366;10,29369002617040;2,07731972191016;2237,79354809823;1;1;0
Balears, Illes;2017;603;165934;32,4;28,0;343,0;166,6;2,9985;114,62700;1797,3;79,8346666666667;3,633974953897332;16,80672268907563;9,44606413994169;1,77923021060276;2251,27764045694;1;1;0
Balears, Illes;2018;603;164569;36,1;24,8;349,6;176,5;2,9964;123,18500;1862,6;81,0226666666667;3,664116571164679;14,05099150141643;10,32608695652174;1,36072759803191;2298,86286964964;1;1;0
Balears, Illes;2019;563;164416;33,5;28,4;354,7;179,1;1,8715;130,59725;1940,2;81,4128333333333;3,424240949785909;15,85706309324400;9,44460107132788;1,67895530721601;2383,16235974263;1;1;0
Balears, Illes;2020;552;164037;44,3;40,5;348,1;165,3;-22,6600;135,89875;1844,9;81,1693333333333;3,365094460396130;24,50090744101633;12,72622809537489;1,92522931833359;2272,90273830839;1;1;0
Balears, Illes;2021;1233;162579;40,2;34,0;344,4;160,1;11,5330;143,80300;2066,2;83,8618333333333;7,584005314339491;21,23672704559650;11,67247386759582;1,81938527226454;2463,81448851385;1;1;1
Balears, Illes;2022;1069;161937;31,0;23,8;351,1;166,6;16,0641;157,03375;2305,8;90,6737500000000;6,601332617005379;14,28571428571429;8,82939333523213;1,61797235023042;2542,96309571403;1;1;1
Balears, Illes;2023;1034;163684;27,3;24,6;348,0;174,1;3,7882;163,44300;2237,1;94,1998333333333;6,317049925466142;14,12981045376221;7,84482758620690;1,80116265124881;2374,84496610928;1;1;1
Balears, Illes;2024;1286;166551;24,3;24,1;346,9;185,8;4,1518;174,24350;2342,2;96,9721666666667;7,721358622884281;12,97093649085038;7,00490054770827;1,85169459616296;2415,33223450715;1;1;1
Canarias;2008;568;408911;75,8;75,7;507,1;382,3;-0,1982;139,78200;1569,9;76,5618333333333;1,389055320106331;19,80120324352603;14,94774206270952;1,32469527240001;2050,49948734248;0;0;0
Canarias;2009;541;399630;124,2;118,7;541,8;380,3;-4,4842;134,44050;1633,0;75,7882500000000;1,353752220804244;31,21220089403103;22,92358803986711;1,36157572015990;2154,68756700412;0;0;0
Canarias;2010;660;389554;142,6;124,2;562,0;367,9;0,7643;131,10825;1629,3;76,5198333333333;1,694245213757271;33,75917368850232;25,37366548042704;1,33048075827057;2129,25189330000;0;0;0
Canarias;2011;886;380143;148,8;132,2;586,5;363,2;-0,5303;123,61050;1627,9;78,5107500000000;2,330701867455142;36,39867841409691;25,37084398976982;1,43466565120080;2073,47401470499;0;0;0
Canarias;2012;815;370865;171,6;148,5;606,9;351,4;-2,4218;107,17350;1620,3;80,1034166666667;2,197565151739851;42,25953329538987;28,27483934750370;1,49459852896108;2022,76016108343;0;0;0
Canarias;2013;1121;362509;176,7;151,7;609,8;344,0;-0,8328;97,95325;1617,3;80,6918333333333;3,092337017839557;44,09883720930232;28,97671367661528;1,52187158631763;2004,29204938129;1;0;0
Canarias;2014;1239;356283;181,4;129,9;619,3;329,0;0,7097;96,71075;1621,6;80,3173333333333;3,477572603800911;39,48328267477203;29,29113515259164;1,34796014115140;2018,99133437365;1;1;0
Canarias;2015;987;347533;154,2;123,5;629,0;323,2;2,8544;99,99975;1574,0;79,6775000000000;2,840018070226425;38,21163366336634;24,51510333863275;1,55869763775989;1975,46358758746;1;1;0
Canarias;2016;1427;338817;142,7;97,8;631,6;309,2;2,5142;103,34375;1631,8;79,4904166666667;4,211713107665790;31,63001293661061;22,59341355288157;1,39996609465755;2052,82607442197;1;1;0
Canarias;2017;1180;332942;129,9;84,7;627,9;299,8;3,7408;107,88825;1606,6;80,9190833333333;3,544160844831833;28,25216811207472;20,68800764452939;1,36563020458597;1985,44018767720;1;1;0
Canarias;2018;1071;327543;109,8;76,2;636,4;299,1;2,4005;113,27625;1679,3;82,1674166666667;3,269799690422326;25,47642928786359;17,25329981143934;1,47661198531843;2043,75416451574;1;1;0
Canarias;2019;985;324808;115,7;77,8;641,3;300,3;1,6206;117,58700;1750,0;82,4376666666667;3,032560774365163;25,90742590742591;18,04147824731015;1,43599241438481;2122,81602665448;1;1;0
Canarias;2020;902;323782;119,0;86,1;611,7;282,4;-18,7563;118,96000;1775,7;82,8867500000000;2,785825030421703;30,48866855524079;19,45398070949812;1,56722004665889;2142,32069661315;1;1;0
Canarias;2021;1610;322631;110,2;93,6;595,0;280,5;8,6087;125,79175;1954,8;84,7268333333333;4,990221026497764;33,36898395721925;18,52100840336134;1,80168289061211;2307,17934696013;1;1;1
Canarias;2022;1344;323554;87,9;71,3;609,9;290,6;12,6841;137,24025;1879,6;91,1200833333333;4,153866124356367;24,53544390915347;14,41219872110182;1,70240810468631;2062,77247697864;1;1;1
Canarias;2023;1464;324992;81,8;62,5;608,8;305,3;4,0982;144,51000;1987,9;95,3036666666667;4,504726270185111;20,47166721257779;13,43626806833115;1,52361259156691;2085,85888615688;1;1;1
Canarias;2024;1485;327786;72,9;50,5;612,2;301,9;4,4229;156,09450;2051,7;97,9426666666667;4,530394830773736;16,72739317654853;11,90787324403790;1,40473389611564;2094,79695604231;1;1;1
Cantabria;2008;130;113504;8,5;9,7;146,4;100,5;0,6613;153,98000;1798,1;72,6022500000000;1,145334085142374;9,65174129353234;5,80601092896175;1,66237050043898;2476,64500755831;0;0;0
Cantabria;2009;109;110561;14,0;17,2;150,3;100,3;-3,6130;143,50650;1818,3;72,3599166666667;0,985881097312796;17,14855433698903;9,31470392548237;1,84101979774961;2512,85529857115;0;0;0
Cantabria;2010;124;106961;16,3;18,0;152,1;94,4;-0,3242;134,88575;1875,0;73,7223333333333;1,159301053655071;19,06779661016949;10,71663379355687;1,77927108245815;2543,32698820349;0;0;0
Cantabria;2011;189;103010;19,0;19,6;154,8;90,1;-2,1160;122,39675;1885,8;76,2331666666667;1,834773322978352;21,75360710321865;12,27390180878553;1,77234651556750;2473,72644015400;0;0;0
Cantabria;2012;183;98298;24,7;20,7;157,3;85,4;-2,4219;105,10725;1861,3;78,2116666666667;1,861685893914423;24,23887587822014;15,70247933884297;1,54363367434981;2379,82398192938;0;0;0
Cantabria;2013;235;93521;27,4;24,0;159,8;78,7;-3,0895;95,56100;1873,0;79,8708333333333;2,512804610729141;30,49555273189327;17,14643304130163;1,77853625056808;2345,03625645574;1;0;0
Cantabria;2014;282;89358;26,5;20,8;160,3;74,1;1,5322;97,21100;1904,7;79,6746666666667;3,155845027865440;28,07017543859650;16,53150343106675;1,69798080105925;2390,59676015798;1;1;0
Cantabria;2015;459;85209;25,2;17,1;158,7;70,4;2,4610;100,00000;1855,4;78,9868333333333;5,386754920254902;24,28977272727273;15,87901701323252;1,52967735389610;2348,99909478584;1;1;0
Cantabria;2016;299;80825;21,3;14,6;161,1;65,8;2,3962;102,54725;1910,4;78,7095000000000;3,699350448499846;22,18844984802432;13,22160148975791;1,67819684061818;2427,15301202523;1;1;0
Cantabria;2017;244;77536;18,1;13,8;161,8;62,8;3,0234;106,68275;1897,3;80,2670833333333;3,146925299215848;21,97452229299363;11,18665018541409;1,96435232431291;2363,73357696441;1;1;0
Cantabria;2018;296;74874;14,6;9,3;157,5;58,0;2,1945;112,93800;1972,4;81,6434166666667;3,953308224483800;16,03448275862069;9,26984126984127;1,72974728389230;2415,87145728223;1;1;0
Cantabria;2019;236;72542;13,9;9,8;159,7;56,5;1,3195;116,42325;1959,8;82,2044166666667;3,253287750544512;17,34513274336284;8,70381966186600;1,99281848857197;2384,05681770951;1;1;0
Cantabria;2020;222;70771;15,5;11,1;155,0;55,1;-9,9326;117,82925;1941,0;81,9205000000000;3,136878099786636;20,14519056261343;10,00000000000000;2,01451905626134;2369,37030413633;1;1;0
Cantabria;2021;301;70206;14,8;10,6;158,2;57,6;7,1331;124,30250;2064,8;84,5871666666667;4,287382844771102;18,40277777777778;9,35524652338812;1,96710773273273;2441,03222908124;1;1;1
Cantabria;2022;294;69527;11,3;9,5;155,5;57,4;4,6897;136,34300;2125,9;91,5793333333333;4,228573072331613;16,55052264808362;7,26688102893891;2,27752767413894;2321,37527389731;1;1;1
Cantabria;2023;306;69001;9,9;7,6;156,3;57,9;1,8713;143,35800;2317,0;95,0481666666667;4,434718337415400;13,12607944732297;6,33397312859885;2,07232951274402;2437,71140597136;1;1;1
Cantabria;2024;365;69173;10,4;6,6;157,1;60,3;2,4886;156,31250;2327,2;97,5255833333333;5,276625272866581;10,94527363184080;6,61998726925525;1,65336777650210;2386,24566032674;1;1;1
Castilla - La Mancha;2008;219;377265;44,5;53,1;468,5;383,9;2,1566;149,22175;1646,7;72,7384166666667;0,580493817343247;13,83172701224277;9,49839914621131;1,45621665286196;2263,86560975917;0;0;0
Castilla - La Mancha;2009;224;375286;76,8;86,2;490,4;381,5;-3,1409;144,76975;1709,4;71,9014166666667;0,596878114291500;22,59501965923984;15,66068515497553;1,44278615115771;2377,42186350060;0;0;0
Castilla - La Mancha;2010;269;371800;87,4;97,1;508,0;374,0;-0,2160;143,13675;1756,7;73,3179166666667;0,723507261968800;25,96256684491978;17,20472440944882;1,50903706604339;2396,00370532441;0;0;0
Castilla - La Mancha;2011;444;367116;100,8;108,1;528,2;370,1;-1,5193;133,94575;1790,1;75,9974166666667;1,209426993102998;29,20832207511483;19,08368042408178;1,53053925794401;2355,47480232332;0;0;0
Castilla - La Mancha;2012;462;358861;129,7;124,6;540,7;349,6;-5,1144;118,44325;1706,7;77,8200000000000;1,287406544595261;35,64073226544622;23,98742371000554;1,48580909297816;2193,13801079414;0;0;0
Castilla - La Mancha;2013;704;349784;135,8;127,3;548,3;333,3;-0,0524;100,52050;1768,5;78,8357500000000;2,012670676760515;38,19381938193819;24,76746306766369;1,54209655133407;2243,27161218102;1;0;0
Castilla - La Mancha;2014;882;340283;127,0;120,9;549,4;315,7;-1,2768;97,84550;1740,4;78,4934166666667;2,591960221345174;38,29585049097244;23,11612668365490;1,65667246139687;2217,25601191607;1;1;0
Castilla - La Mancha;2015;1233;330059;116,2;104,7;547,9;297,2;4,1358;100,00000;1788,1;77,7224166666667;3,735695739246619;35,22880215343204;21,20824968059865;1,66108956108997;2300,62326505974;1;1;0
Castilla - La Mancha;2016;968;318473;110,0;82,2;549,2;276,9;3,2252;100,83750;1787,4;77,3398333333333;3,039504133788422;29,68580715059589;20,02913328477786;1,48213138973702;2311,09885160515;1;1;0
Castilla - La Mancha;2017;836;309358;100,4;71,5;549,4;272,3;1,9533;101,58225;1765,2;78,9232500000000;2,702370716128240;26,25780389276533;18,27448125227521;1,43685632058618;2236,60328230274;1;1;0
Castilla - La Mancha;2018;683;300902;85,9;60,6;545,9;262,2;2,8401;103,97525;1776,6;80,3893333333333;2,269842008361527;23,11212814645309;15,73548268913721;1,46879054192651;2209,99469249652;1;1;0
Castilla - La Mancha;2019;752;293879;69,3;56,3;541,9;258,6;1,0008;107,64300;1880,9;80,8713333333333;2,558876272207269;21,77107501933488;12,78833733161100;1,70241638571105;2325,79323534504;1;1;0
Castilla - La Mancha;2020;660;288849;73,6;65,0;539,9;244,7;-7,8779;109,02950;1892,3;80,4115833333333;2,284930880840854;26,56313853698407;13,63215410261159;1,94856501305947;2353,26792678086;1;1;0
Castilla - La Mancha;2021;1018;288168;65,4;57,7;549,6;250,9;5,6852;111,66900;1926,1;83,3787500000000;3,532661503012132;22,99721004384217;11,89956331877729;1,93260957799628;2310,06101674587;1;1;1
Castilla - La Mancha;2022;805;286026;64,2;51,4;546,5;258,4;3,1787;118,28400;1954,6;91,8163333333333;2,814429457461909;19,89164086687307;11,74748398902104;1,69326818282650;2128,81513456212;1;1;1
Castilla - La Mancha;2023;989;282887;61,2;43,3;547,9;258,1;0,2372;120,26825;2025,2;95,0940000000000;3,496095614149819;16,77644323905463;11,16992151852528;1,50193026971863;2129,68220918249;1;1;1
Castilla - La Mancha;2024;1025;282373;59,5;47,9;550,5;259,8;3,4560;128,03175;2221,5;97,6806666666667;3,629950455603050;18,43725943033103;10,80835603996367;1,70583383468861;2274,24737750903;1;1;1
Castilla y León;2008;576;450581;48,1;50,1;613,1;406,3;0,0350;152,99900;1705,5;72,2826666666667;1,278349508745376;12,33079005660842;7,84537595824499;1,57172710679971;2359,48682948425;0;0;0
Castilla y León;2009;496;436882;73,3;68,7;626,6;389,4;-3,2451;148,89600;1779,9;71,7668333333333;1,135318003488356;17,64252696456087;11,69805298436004;1,50815926275496;2480,11500205527;0;0;0
Castilla y León;2010;515;423096;82,6;81,7;637,3;382,7;0,1725;144,79100;1777,2;73,1276666666667;1,217217841813678;21,34831460674157;12,96092891887651;1,64712843812063;2430,27034911547;0;0;0
Castilla y León;2011;790;409290;89,5;86,6;648,0;365,0;-0,2532;135,80025;1788,8;75,6549166666667;1,930171760854162;23,72602739726027;13,81172839506173;1,71781740261728;2364,42002557666;0;0;0
Castilla y León;2012;641;393275;106,6;97,9;655,0;349,0;-3,6507;117,85475;1828,1;77,7675000000000;1,629902739813108;28,05157593123209;16,27480916030534;1,72361934661886;2350,72491722120;0;0;0
Castilla y León;2013;1033;377772;120,3;99,0;652,8;327,1;-2,0787;101,21550;1852,9;78,9580833333333;2,734453585760723;30,26597370834607;18,42830882352941;1,64236306207883;2346,68816893352;1;0;0
Castilla y León;2014;1200;363600;114,4;90,2;656,5;303,1;0,3798;98,77450;1788,5;78,8103333333333;3,300330033003300;29,75915539425932;17,42574257425743;1,70776971296602;2269,37245961824;1;1;0
Castilla y León;2015;1848;348926;101,4;74,9;646,3;288,9;2,8672;100,00000;1841,6;78,0901666666667;5,296251927342760;25,92592592592593;15,68930837072567;1,65245817809920;2358,29948713133;1;1;0
Castilla y León;2016;1251;333453;89,6;60,5;640,3;276,4;2,2899;101,05650;1819,8;77,7901666666667;3,751653156516811;21,88856729377714;13,99344057473060;1,56420196854972;2339,37022888497;1;1;0
Castilla y León;2017;1010;321024;78,2;51,5;633,6;263,7;1,2374;102,71025;1836,7;79,4475000000000;3,146182216905901;19,52976867652636;12,34217171717172;1,58236079711600;2311,84115296265;1;1;0
Castilla y León;2018;869;309962;64,2;44,5;625,7;252,7;2,8861;106,92050;1843,9;80,8234166666667;2,803569469805976;17,60981400870597;10,26050823078153;1,71627112542793;2281,39328433076;1;1;0
Castilla y León;2019;1202;300525;58,4;42,9;617,1;248,6;0,6662;112,08325;1904,3;81,5019166666667;3,999667248980950;17,25663716814159;9,46362015880733;1,82347102679113;2336,50946859123;1;1;0
Castilla y León;2020;801;291836;57,5;47,1;603,0;239,8;-8,6138;114,71950;1950,5;81,0512500000000;2,744692224400005;19,64136780650542;9,53565505804312;2,05978170214309;2406,50205888250;1;1;0
Castilla y León;2021;1185;287318;57,3;44,3;601,0;235,7;4,9599;118,79950;1990,3;83,8996666666667;4,124350023319110;18,79507848960543;9,53410981697171;1,97135116444204;2372,23826872574;1;1;1
Castilla y León;2022;925;282528;46,5;36,2;597,8;236,2;4,0262;125,98775;2061,3;91,8329166666667;3,274011779363461;15,32599491955970;7,77852124456340;1,97029672320705;2244,61998466418;1;1;1
Castilla y León;2023;1189;278783;45,0;37,5;593,9;236,3;1,4053;129,53800;2176,5;94,9885000000000;4,264965941251798;15,86965721540415;7,57703317056744;2,09444209338412;2291,33000310564;1;1;1
Castilla y León;2024;1087;277766;40,1;36,1;585,4;242,0;2,8542;139,70600;2299,1;97,4683333333333;3,913365926715292;14,91735537190083;6,85001708233686;2,17771068197275;2358,81739368342;1;1;1
Cataluña;2008;2114;1254972;138,4;157,6;1891,0;1476,2;0,1619;162,19850;1882,4;71,5349166666667;1,684499733858604;10,67606015445062;7,31887890005288;1,45870157168108;2631,44222110647;0;0;0
Cataluña;2009;2097;1215804;250,9;294,9;1956,2;1414,3;-3,6516;143,71575;1894,7;71,6494166666667;1,724784586989350;20,85130453227745;12,82588692362744;1,62572028401918;2644,40394373995;0;0;0
Cataluña;2010;2541;1174336;292,6;298,2;2015,6;1368,1;0,5047;139,89250;1908,4;73,1093333333333;2,163775955092921;21,79665229149916;14,51676920023814;1,50148094185734;2610,33702947184;0;0;0
Cataluña;2011;3239;1136306;341,3;311,9;2076,4;1319,3;-1,5283;126,52225;1912,8;75,4884166666667;2,850464575563272;23,64132494504662;16,43710267771142;1,43829027588323;2533,89868865091;0;0;0
Cataluña;2012;3622;1097003;408,3;348,5;2100,3;1237,5;-2,8305;106,51325;1926,0;77,6645000000000;3,301722967029260;28,16161616161616;19,44007998857306;1,44863684605051;2479,89750787039;0;0;0
Cataluña;2013;3999;1054078;427,0;333,0;2124,6;1161,6;-1,1621;94,33725;1928,0;79,0063333333333;3,793836888731195;28,66735537190083;20,09790078132355;1,42638555557706;2440,31069239175;1;0;0
Cataluña;2014;4742;1022174;372,4;279,2;2130,2;1092,8;1,9245;95,39600;1953,3;79,1129166666667;4,639131889482613;25,54904831625183;17,48192657966388;1,46145496034586;2469,00263863360;1;1;0
Cataluña;2015;5692;998069;331,0;235,5;2125,4;1036,7;4,5262;100,00000;2003,8;78,9759166666667;5,703012517170657;22,71631137262467;15,57353909852263;1,45864798161258;2537,22917640504;1;1;0
Cataluña;2016;5068;970169;285,8;197,7;2142,5;998,8;3,1786;107,02025;1952,0;79,0239166666667;5,223832136462822;19,79375250300360;13,33955659276546;1,48383886415973;2470,13825983062;1;1;0
Cataluña;2017;4933;951324;236,4;166,6;2146,2;984,8;2,7613;117,25950;1992,9;80,7553333333333;5,185404762205096;16,91714053614947;11,01481688565837;1,53585308877682;2467,82462252235;1;1;0
Cataluña;2018;5028;937807;193,9;152,5;2127,9;997,3;2,2514;127,54825;2067,6;82,2402500000000;5,361444305704691;15,29128647347839;9,11227031345458;1,67809842634939;2514,09741580309;1;1;0
Cataluña;2019;4883;928732;188,0;152,3;2137,0;1020,5;2,1806;134,14400;2143,5;82,9450833333333;5,257706205880707;14,92405683488486;8,79737950397754;1,69642071575260;2584,23997403905;1;1;0
Cataluña;2020;4036;926803;207,0;189,2;2094,0;999,5;-11,9115;136,89225;2158,2;82,5993333333333;4,354755001872027;18,92946473236618;9,88538681948424;1,91489367872342;2612,85401819224;1;1;0
Cataluña;2021;10520;930186;200,1;174,5;2153,9;1033,5;7,1784;141,62275;2174,8;85,0122500000000;11,309566043780491;16,88437348814707;9,29012488973490;1,81745387586806;2558,21955071181;1;1;1
Cataluña;2022;9470;937619;174,2;133,8;2131,2;1054,7;6,4342;151,70100;2261,5;91,8115833333333;10,100051300154968;12,68607186877785;8,17379879879880;1,55204112323418;2463,19681884730;1;1;1
Cataluña;2023;9698;951738;149,8;141,9;2140,5;1104,2;2,8830;157,01000;2439,1;94,9213333333333;10,189779119883834;12,85093280202862;6,99836486802149;1,83627647948880;2569,60149457094;1;1;1
Cataluña;2024;9870;974575;145,8;128,3;2132,4;1143,5;3,7108;168,59225;2529,9;97,6144166666667;10,127491470641049;11,21993878443376;6,83736634777715;1,64097376295792;2591,72782708838;1;1;1
Ceuta;2008;37;16928;1,5;3,4;15,5;12,9;-1,5570;137,43600;2104,2;75,5687500000000;2,185727788279773;26,35658914728682;9,67741935483871;2,72351421188630;2784,48432718551;0;0;0
Ceuta;2009;27;17061;2,4;3,6;16,8;13,7;-4,2496;131,51875;2101,5;75,9752500000000;1,582556708282047;26,27737226277372;14,28571428571428;1,83941605839416;2766,03235922225;0;0;0
Ceuta;2010;38;17509;2,4;4,9;16,6;14,1;-1,4045;126,51600;2456,3;77,1465833333333;2,170312410760181;34,75177304964539;14,45783132530120;2,40366430260047;3183,93880048695;0;0;0
Ceuta;2011;47;17571;3,6;5,0;17,6;13,7;0,6636;115,55525;1923,6;78,9751666666667;2,674861988503785;36,49635036496350;20,45454545454545;1,78426601784266;2435,70236213493;0;0;0
Ceuta;2012;34;17506;5,4;7,7;19,1;14,1;-1,9182;101,32275;2202,9;80,6036666666667;1,942191248714726;54,60992907801418;28,27225130890053;1,93157341738902;2733,00222074265;0;0;0
Ceuta;2013;42;17348;5,7;6,3;20,6;12,4;0,7903;94,83400;2293,6;81,1620000000000;2,421028360617939;50,80645161290322;27,66990291262136;1,83616298811545;2825,95303220719;1;0;0
Ceuta;2014;52;17282;4,7;6,4;20,1;12,7;-0,2807;95,13175;2173,6;81,0807500000000;3,008911005670640;50,39370078740158;23,38308457711443;2,15513486346122;2680,78427986914;1;1;0
Ceuta;2015;60;16805;3,2;5,6;20,1;12,1;2,8265;100,00025;2064,9;80,4669166666667;3,570365962511157;46,28099173553719;15,92039800995025;2,90702479338843;2566,14778537349;1;1;0
Ceuta;2016;52;16301;4,0;3,9;21,2;11,0;1,7522;105,15500;2288,5;80,3400000000000;3,189988344273357;35,45454545454545;18,86792452830189;1,87909090909091;2848,51879512074;1;1;0
Ceuta;2017;52;16035;3,5;3,5;18,0;12,5;2,2903;112,25100;2115,4;81,6003333333333;3,242906142812597;28,00000000000000;19,44444444444445;1,44000000000000;2592,39137095028;1;1;0
Ceuta;2018;74;15972;4,9;4,7;19,1;12,6;2,1279;121,76625;2157,0;82,2479166666667;4,633107938893063;37,30158730158730;25,65445026178011;1,45400064787820;2622,55882874439;1;1;0
Ceuta;2019;68;15887;4,1;4,0;18,1;12,2;1,0540;131,16450;2323,3;82,5084166666667;4,280229118146912;32,78688524590164;22,65193370165745;1,44742103158737;2815,83394017378;1;1;0
Ceuta;2020;51;15691;3,5;4,0;16,2;11,7;-8,8438;136,95350;2257,2;82,1634166666667;3,250270855904659;34,18803418803419;21,60493827160494;1,58241758241758;2747,20805386825;1;1;0
Ceuta;2021;84;15512;4,6;5,3;16,2;10,6;3,5560;142,03450;2243,9;84,3368333333333;5,415162454873646;50,00000000000000;28,39506172839506;1,76086956521739;2660,64056630061;1;1;1
Ceuta;2022;71;15550;5,7;4,3;19,3;10,7;3,2736;154,23675;2169,5;90,8328333333333;4,565916398713826;40,18691588785047;29,53367875647668;1,36071487129038;2388,45351442302;1;1;1
Ceuta;2023;63;15697;6,4;4,1;21,1;10,5;1,4665;162,74175;2284,5;94,8009166666667;4,013505765432885;39,04761904761904;30,33175355450237;1,28735119047619;2409,78682519772;1;1;1
Ceuta;2024;64;15791;5,7;3,4;19,7;11,3;1,0997;177,56675;2739,0;96,9872500000000;4,052941548983598;30,08849557522123;28,93401015228427;1,03990063654712;2824,08254693272;1;1;1
Comunitat Valenciana;2008;1025;890757;121,8;132,9;1202,3;965,5;0,4772;145,20625;1578,1;73,1747500000000;1,150706646144796;13,76488865872605;10,13058304915578;1,35874594699395;2156,61823238207;0;0;0
Comunitat Valenciana;2009;1074;869493;228,4;225,8;1250,4;929,4;-5,8145;137,29825;1613,0;73,0012500000000;1,235202583574566;24,29524424359802;18,26615483045425;1,33006888801204;2209,55120631496;0;0;0
Comunitat Valenciana;2010;1239;843139;255,0;236,4;1287,9;881,8;-0,4475;133,01975;1686,7;74,1835000000000;1,469508586365949;26,80880018144704;19,79967388772420;1,35400210798767;2273,68619706539;0;0;0
Comunitat Valenciana;2011;1761;818522;273,7;254,4;1320,8;839,5;-1,5639;123,15375;1709,2;76,4796666666667;2,151438812884687;30,30375223347230;20,72228952150212;1,46237471501535;2234,84237640506;0;0;0
Comunitat Valenciana;2012;1979;790013;321,1;270,9;1348,0;794,0;-3,8876;106,44400;1729,8;78,3507500000000;2,505022069257088;34,11838790931990;23,82047477744807;1,43231351297923;2207,76444386301;0;0;0
Comunitat Valenciana;2013;2480;760275;341,4;258,3;1368,3;740,8;-1,2146;96,84025;1741,1;79,3510000000000;3,261977573904180;34,86771058315335;24,95066871300153;1,39746597512972;2194,17524668876;1;0;0
Comunitat Valenciana;2014;2827;734386;306,9;230,7;1369,2;698,1;2,2661;97,65950;1745,5;79,1535000000000;3,849474254683504;33,04684142672969;22,41454864154250;1,47434784234208;2205,20886631671;1;1;0
Comunitat Valenciana;2015;3026;710132;271,6;187,6;1379,2;662,1;3,8388;100,00000;1674,8;78,8483333333333;4,261179611677829;28,33408850626794;19,69257540603248;1,43882087142285;2124,07787101820;1;1;0
Comunitat Valenciana;2016;2885;686620;245,0;167,0;1381,0;636,6;2,3489;102,61200;1736,0;78,4890000000000;4,201741865952055;26,23311341501728;17,74076755973932;1,47869100514852;2211,77489839341;1;1;0
Comunitat Valenciana;2017;2470;669234;216,9;142,0;1377,3;626,3;3,4161;105,38450;1677,8;79,9846666666667;3,690786780109797;22,67284049177711;15,74820300588107;1,43970969153179;2097,65204997624;1;1;0
Comunitat Valenciana;2018;2291;653924;178,6;121,7;1378,2;599,3;2,2327;109,67625;1784,8;81,3703333333333;3,503465234492082;20,30702486233940;12,95893194021187;1,56702920858209;2193,42839937569;1;1;0
Comunitat Valenciana;2019;2546;644422;156,1;116,4;1376,4;594,3;1,9512;114,30600;1860,9;81,8021666666667;3,950827252949154;19,58606764260475;11,34117988956699;1,72698677151065;2274,87861975946;1;1;0
Comunitat Valenciana;2020;2006;637755;174,2;136,9;1346,8;584,4;-10,4673;116,81375;1920,7;81,4730000000000;3,145408503265361;23,42573579739905;12,93436293436293;1,81112405120190;2357,46811827231;1;1;0
Comunitat Valenciana;2021;3554;636132;166,4;142,9;1359,6;601,2;7,6025;121,86600;1945,3;84,1581666666667;5,586890771097822;23,76912840984697;12,23889379229185;1,94209777560264;2311,48096144363;1;1;1
Comunitat Valenciana;2022;3248;636912;149,5;111,9;1380,4;624,0;5,4931;130,63600;1937,4;91,2785833333333;5,099605597005552;17,93269230769231;10,83019414662417;1,65580524826344;2122,51322188575;1;1;1
Comunitat Valenciana;2023;3131;640112;150,8;107,2;1401,1;668,8;2,4534;135,92075;2079,9;94,4990833333333;4,891331516984528;16,02870813397129;10,76297195061024;1,48924555480817;2200,97373078575;1;1;1
Comunitat Valenciana;2024;3751;648825;141,0;116,2;1408,6;677,6;3,2907;148,23275;2181,2;97,1020833333333;5,781219897507032;17,14876033057852;10,00993894647167;1,71317331926616;2246,29577978502;1;1;1
Extremadura;2008;142;215833;31,7;29,7;246,6;173,6;1,3109;137,78475;1581,5;73,7626666666667;0,657916074001659;17,10829493087558;12,85482562854826;1,33088502522206;2144,03853801381;0;0;0
Extremadura;2009;131;213516;39,5;44,8;253,0;173,1;-3,1403;137,25975;1510,2;73,4186666666667;0,613537158807771;25,88099364529174;15,61264822134387;1,65769402335666;2056,97007118989;0;0;0
Extremadura;2010;153;211397;49,6;49,9;259,1;174,9;0,9923;139,24800;1626,4;74,6883333333333;0,723756723132306;28,53058890794740;19,14318795831725;1,49037814234862;2177,58239796488;0;0;0
Extremadura;2011;201;208576;54,8;53,6;262,0;170,8;-0,8849;130,76325;1554,5;77,1033333333333;0,963677508438171;31,38173302107728;20,91603053435114;1,50036752765005;2016,12554580433;0;0;0
Extremadura;2012;212;205191;75,1;69,6;271,7;168,2;-3,2358;120,06550;1587,9;78,9125833333333;1,033183716634745;41,37931034482759;27,64078027235922;1,49703843151660;2012,22660940218;0;0;0
Extremadura;2013;285;201796;78,6;71,8;275,0;168,3;-0,6512;102,35625;1622,4;79,9480833333333;1,412317389839244;42,66191325014854;28,58181818181818;1,49262419132199;2029,31694214058;1;0;0
Extremadura;2014;370;197997;73,7;56,6;271,4;159,5;0,2169;98,12575;1588,8;79,5034166666667;1,868715182553271;35,48589341692790;27,15549005158438;1,30676682135064;1998,40468072127;1;1;0
Extremadura;2015;540;193122;72,3;51,9;271,8;152,5;3,1845;100,00000;1549,9;78,8225833333333;2,796159940348588;34,03278688524590;26,60044150110375;1,27940684307190;1966,31464544320;1;1;0
Extremadura;2016;374;187563;66,8;49,2;273,8;145,1;1,4435;101,42975;1613,0;78,6262500000000;1,993996683780916;33,90764989662302;24,39737034331629;1,38980756612206;2051,47771895518;1;1;0
Extremadura;2017;359;182167;58,8;49,7;270,7;141,7;3,7355;101,84975;1583,4;79,9427500000000;1,970719175262259;35,07410021171490;21,72146287403029;1,61472090600531;1980,66741511894;1;1;0
Extremadura;2018;277;176330;52,9;43,9;268,2;135,0;1,6190;103,73700;1612,3;81,1846666666667;1,570918164804628;32,51851851851852;19,72408650260999;1,64867044738500;1985,96615124367;1;1;0
Extremadura;2019;359;171199;47,7;40,1;264,1;134,4;1,8800;105,76475;1682,6;81,6382500000000;2,096974865507392;29,83630952380952;18,06134040136312;1,65194325895977;2061,04368969203;1;1;0
Extremadura;2020;273;166896;47,9;37,8;256,8;128,9;-9,2512;106,30875;1760,5;81,4939166666667;1,635749209088295;29,32505818463925;18,65264797507788;1,57216595862534;2160,28394757482;1;1;0
Extremadura;2021;321;164536;42,0;35,9;265,3;126,5;4,4323;108,77150;1628,2;84,2264166666667;1,950940827539262;28,37944664031620;15,83113456464380;1,79263504611331;1933,12272376936;1;1;1
Extremadura;2022;253;161555;40,3;27,5;263,2;125,4;2,1919;114,61175;1841,2;91,7602500000000;1,566030144532822;21,92982456140351;15,31155015197568;1,43224065125593;2006,53333006394;1;1;1
Extremadura;2023;264;157221;36,8;29,2;262,5;124,4;2,0680;116,36375;1915,9;94,6757500000000;1,679164997042380;23,47266881028939;14,01904761904762;1,67434118551657;2023,64385811573;1;1;1
Extremadura;2024;278;154611;32,8;23,9;258,9;119,8;2,6549;124,85650;2127,2;97,3198333333333;1,798060940036608;19,94991652754591;12,66898416376979;1,57470530151879;2185,78261710957;1;1;1
Galicia;2008;902;546302;43,9;53,3;656,8;462,8;1,6408;140,43925;1685,7;72,4330000000000;1,651101405449733;11,51685393258427;6,68392204628502;1,72306826034655;2327,25415211299;0;0;0
Galicia;2009;940;531304;66,2;76,9;666,8;452,7;-3,7135;138,72000;1734,8;72,0100833333333;1,769231927484077;16,98696708637067;9,92801439712058;1,71101354277824;2409,10705792360;0;0;0
Galicia;2010;986;514779;85,1;90,2;682,8;424,3;0,4850;136,01100;1722,5;73,3595000000000;1,915385048729649;21,25854348338440;12,46338605741066;1,70567961109928;2348,02581806037;0;0;0
Galicia;2011;1300;495545;98,2;102,0;702,8;412,2;-1,6170;129,10325;1786,9;75,8381666666667;2,623374264698463;24,74526928675401;13,97268070574844;1,77097507685649;2356,20147287316;0;0;0
Galicia;2012;1325;474606;122,2;116,9;709,2;400,4;-2,5185;112,38450;1758,0;77,6356666666667;2,791789400049725;29,19580419580420;17,23068245910885;1,69440788344225;2264,42313884941;0;0;0
Galicia;2013;1602;453246;136,2;114,2;716,5;373,7;-1,1181;99,83425;1728,7;78,7875833333333;3,534504441296780;30,55927214343056;19,00907187718074;1,60761516084934;2194,12745874720;1;0;0
Galicia;2014;1659;433673;137,3;103,0;719,6;350,6;0,8234;98,65500;1775,0;78,7970833333333;3,825462964030502;29,37820878494010;19,08004446914953;1,53973481730830;2252,62144855192;1;1;0
Galicia;2015;2184;413099;122,7;87,2;719,3;328,7;4,7980;100,00000;1780,9;78,2363333333333;5,286868280968969;26,52874961971403;17,05825107743640;1,55518578659008;2276,30810919053;1;1;0
Galicia;2016;1763;392942;110,3;74,3;725,1;311,7;2,5801;101,95700;1787,3;77,9985833333333;4,486667243511765;23,83702277831248;15,21169493862915;1,56701951192696;2291,45187466012;1;1;0
Galicia;2017;1458;375694;102,3;60,7;725,7;293,9;2,4741;103,71650;1869,8;79,6480000000000;3,880817899673671;20,65328342973801;14,09673418768086;1,46511122042628;2347,57934913620;1;1;0
Galicia;2018;1263;361408;83,3;52,7;725,1;280,6;2,0900;107,67300;1834,5;80,9675000000000;3,494665309013635;18,78118317890235;11,48807061095021;1,63484224766172;2265,72390156544;1;1;0
Galicia;2019;1366;349792;74,4;44,9;725,2;271,6;1,4497;111,99800;1889,1;81,4237500000000;3,905177934315250;16,53166421207658;10,25923883066740;1,61139286110187;2320,08474185972;1;1;0
Galicia;2020;1079;340128;70,7;50,5;709,8;255,0;-8,9205;114,51600;1941,9;81,1474166666667;3,172335120895663;19,80392156862745;9,96055226824458;1,98823529411765;2393,05215097215;1;1;0
Galicia;2021;1481;333993;65,2;48,7;710,1;251,9;5,9602;119,78025;1992,3;83,9924166666667;4,434224669379298;19,33306867804684;9,18180537952401;2,10558467304924;2371,99985316135;1;1;1
Galicia;2022;1334;329012;63,0;46,1;710,7;257,3;5,4063;127,68475;2038,6;91,5843333333333;4,054563359391147;17,91682860474155;8,86449978894048;2,02118890307775;2225,92655949162;1;1;1
Galicia;2023;1649;323754;57,4;38,3;698,9;265,0;2,6504;132,30625;2136,1;94,8769166666667;5,093373363726781;14,45283018867924;8,21290599513521;1,75977056077838;2251,44331735064;1;1;1
Galicia;2024;1496;321390;50,7;40,8;695,1;270,0;2,9281;142,15450;2229,7;97,6729166666667;4,654780795917732;15,11111111111111;7,29391454466983;2,07174227481920;2282,82319817418;1;1;1
Madrid, Comunidad de;2008;2732;1118751;107,3;136,1;1673,8;1305,0;1,4511;149,45850;2049,1;73,9886666666667;2,442008990383025;10,42911877394636;6,41056279125343;1,62686477202530;2769,47820837425;0;0;0
Madrid, Comunidad de;2009;2692;1087327;184,0;223,7;1748,0;1272,9;-2,2400;133,98125;2052,8;73,9405000000000;2,475796149640357;17,57404352266478;10,52631578947368;1,66953413465315;2776,28633833961;0;0;0
Madrid, Comunidad de;2010;2962;1052563;237,8;247,3;1808,4;1230,9;0,4250;134,50850;2099,4;75,3052500000000;2,814083337529440;20,09099033227719;13,14974563149746;1,52786151879269;2787,85343651339;0;0;0
Madrid, Comunidad de;2011;4427;1023326;249,2;241,0;1839,9;1150,3;0,8034;122,82650;2053,6;77,6364166666667;4,326089633215613;20,95105624619665;13,54421435947606;1,54686389997501;2645,15041802762;0;0;0
Madrid, Comunidad de;2012;4205;994676;297,4;255,5;1881,4;1090,3;-1,4971;103,98425;2119,1;79,4807500000000;4,227507248591500;23,43391727047602;15,80737748485170;1,48246711340530;2666,18017570292;0;0;0
Madrid, Comunidad de;2013;5341;967346;317,5;253,2;1883,4;1026,6;-1,7662;92,20300;2198,7;80,5064166666667;5,521292278047358;24,66393921683226;16,85781034299671;1,46305710617266;2731,08665251320;1;0;0
Madrid, Comunidad de;2014;6193;945596;291,9;238,4;1883,3;969,4;1,7272;94,57200;2272,7;80,3663333333333;6,549308584215670;24,59253146276047;15,49938936972336;1,58667744103518;2827,92545800688;1;1;0
Madrid, Comunidad de;2015;7029;926456;272,3;220,0;1931,8;937,3;4,5015;100,00000;2265,8;79,9920000000000;7,586976607631663;23,47167395711085;14,09566207681955;1,66517002388346;2832,53325332533;1;1;0
Madrid, Comunidad de;2016;6602;907835;248,1;188,8;1943,1;886,4;3,9429;108,56650;2165,8;79,7815833333333;7,272246608689906;21,29963898916968;12,76825690906284;1,66817124223521;2714,66159169984;1;1;0
Madrid, Comunidad de;2017;5897;893757;215,0;155,2;1936,6;859,8;3,8132;121,00300;2191,7;81,2121666666667;6,597990281474718;18,05070946731798;11,10193121966333;1,62590716067014;2698,73356414166;1;1;0
Madrid, Comunidad de;2018;5215;883519;199,9;139,6;1929,9;889,0;2,9622;133,32475;2264,6;82,5807500000000;5,902532939302946;15,70303712035996;10,35804963987771;1,51602257821824;2742,28558108276;1;1;0
Madrid, Comunidad de;2019;5506;878773;160,1;128,9;1946,3;891,5;2,8841;141,14200;2172,1;83,3730000000000;6,265554358178961;14,45877734155917;8,22586446077172;1,75772132041703;2605,27988677390;1;1;0
Madrid, Comunidad de;2020;4665;879663;194,7;158,3;1930,5;879,4;-10,2323;143,56000;2350,2;83,0784166666667;5,303167235634556;18,00090971116671;10,08547008547009;1,78483596288687;2828,89358547798;1;1;0
Madrid, Comunidad de;2021;10716;875410;182,2;140,1;1942,7;913,0;6,3785;147,20600;2358,3;85,3505833333333;12,241121303160805;15,34501642935378;9,37869974777372;1,63615606022533;2763,07426135537;1;1;1
Madrid, Comunidad de;2022;9854;875040;192,3;127,3;1942,0;940,7;8,1071;157,23225;2374,5;91,7914166666667;11,261199488023404;13,53247581588179;9,90216271884655;1,36661820251911;2586,84317796599;1;1;1
Madrid, Comunidad de;2023;5651;892002;150,3;138,0;1957,4;978,5;3,4148;163,41450;2575,5;94,5876666666667;6,335187589265495;14,10321921308125;7,67855318279350;1,83670268048471;2722,87084644580;1;1;1
Madrid, Comunidad de;2024;7897;918512;130,6;130,4;1973,4;1019,4;3,5511;175,95175;2761,8;97,1369166666667;8,597601337815945;12,79183833627624;6,61801966149792;1,93288007448756;2843,20327922014;1;1;1
Melilla;2008;24;14487;2,4;2,6;16,2;10,4;-1,9659;134,16500;2274,8;74,4056666666667;1,656657693104162;25,00000000000000;14,81481481481481;1,68750000000000;3057,29402330468;0;0;0
Melilla;2009;41;14697;2,7;3,9;15,8;10,7;-3,9666;137,01000;2364,0;74,4825833333333;2,789684969721712;36,44859813084113;17,08860759493671;2,13291796469367;3173,89635832091;0;0;0
Melilla;2010;40;14952;2,5;3,8;17,5;10,0;-2,4242;137,67875;1909,2;76,0493333333333;2,675227394328518;38,00000000000000;14,28571428571428;2,66000000000000;2510,47565615302;0;0;0
Melilla;2011;55;15214;3,1;3,4;18,3;10,4;1,3159;124,83675;2543,7;77,8010833333333;3,615091363218089;32,69230769230769;16,93989071038251;1,92990074441687;3269,49174872244;0;0;0
Melilla;2012;44;15370;3,3;5,0;19,1;11,8;-1,7748;110,05025;2105,9;79,0847500000000;2,862719583604424;42,37288135593220;17,27748691099476;2,45249101181305;2662,83954871198;0;0;0
Melilla;2013;71;15587;4,1;6,2;17,9;13,3;0,6047;96,16875;1999,8;79,1827500000000;4,555077949573362;46,61654135338345;22,90502793296089;2,03520997615991;2525,55007245896;1;0;0
Melilla;2014;62;15623;4,4;3,9;17,7;10,8;1,5091;96,60025;2384,2;78,8470833333333;3,968507969020035;36,11111111111111;24,85875706214690;1,45265151515151;3023,82776788404;1;1;0
Melilla;2015;92;15707;4,7;5,7;16,6;11,8;2,9347;99,99975;2147,4;78,4222500000000;5,857261093779843;48,30508474576271;28,31325301204819;1,70609448250992;2738,25349310942;1;1;0
Melilla;2016;86;15492;3,7;5,5;16,8;12,1;2,3120;105,34050;2138,7;78,3590833333333;5,551252259230570;45,45454545454546;22,02380952380952;2,06388206388206;2729,35811525786;1;1;0
Melilla;2017;88;15401;4,7;4,1;20,0;10,6;2,3591;110,87450;2475,8;80,0179166666667;5,713914680864879;38,67924528301887;23,50000000000000;1,64592533119229;3094,05706013757;1;1;0
Melilla;2018;84;15283;4,3;4,1;21,2;11,2;2,4015;119,51200;2231,1;80,7893333333333;5,496303081855657;36,60714285714285;20,28301886792453;1,80481727574751;2761,62694745181;1;1;0
Melilla;2019;62;15399;4,1;4,6;20,1;11,3;1,5714;125,78550;2291,7;80,5311666666667;4,026235469835703;40,70796460176991;20,39800995024875;1,99568314267213;2845,73053496886;1;1;0
Melilla;2020;76;15329;3,4;4,2;20,8;11,0;-8,9866;131,44375;2662,6;80,6002500000000;4,957922891251875;38,18181818181819;16,34615384615385;2,33582887700535;3303,46369893394;1;1;0
Melilla;2021;250;15341;4,2;4,7;21,8;11,3;3,3189;139,77525;2122,1;83,7346666666667;16,296199726223847;41,59292035398230;19,26605504587156;2,15887062789718;2534,31474021114;1;1;1
Melilla;2022;173;15547;3,7;4,3;18,3;12,0;3,0148;151,47625;2169,7;90,9016666666667;11,127548723226345;35,83333333333334;20,21857923497268;1,77229729729730;2386,86492730240;1;1;1
Melilla;2023;239;15822;4,3;3,6;15,7;13,0;2,3864;159,57175;2363,3;95,3210000000000;15,105549235242067;27,69230769230769;27,38853503184713;1,01109123434705;2479,30676346241;1;1;1
Melilla;2024;223;16018;4,9;4,0;18,9;12,1;1,3207;172,35850;2502,2;97,4518333333333;13,921837932326133;33,05785123966943;25,92592592592593;1,27508854781582;2567,62742619858;1;1;1
Murcia, Región de;2008;178;267601;30,9;44,7;331,2;292,4;1,3576;140,30300;1613,1;74,2788333333333;0,665169412670356;15,28727770177839;9,32971014492754;1,63855869735566;2171,68192822989;0;0;0
Murcia, Región de;2009;198;263202;61,7;67,6;349,0;281,8;-5,1079;138,88175;1708,2;73,8253333333333;0,752273918891194;23,98864442867281;17,67908309455587;1,35689415001731;2313,83987429789;0;0;0
Murcia, Región de;2010;212;258129;75,9;72,4;365,7;272,1;0,1557;137,44350;1613,1;75,0960833333333;0,821294778967106;26,60786475560456;20,75471698113208;1,28201530186095;2148,04811169690;0;0;0
Murcia, Región de;2011;361;253300;78,5;79,4;377,9;260,3;-0,9587;130,49675;1687,2;77,4368333333333;1,425187524674299;30,50326546292739;20,77269118814501;1,46843108515163;2178,80810380934;0;0;0
Murcia, Región de;2012;428;247751;88,4;89,9;388,9;251,9;-2,8412;115,92550;1690,6;79,2312500000000;1,727540958462327;35,68876538308853;22,73077912059656;1,57006344541664;2133,75404275460;0;0;0
Murcia, Región de;2013;513;241675;97,4;88,7;395,3;236,9;-1,0992;98,18025;1541,1;80,5558333333333;2,122685424640530;37,44195863233432;24,63951429294207;1,51958996379484;1913,08305833428;1;0;0
Murcia, Región de;2014;663;236244;96,7;70,9;399,9;226,0;2,4446;98,36500;1643,8;80,2783333333333;2,806420480520140;31,37168141592920;24,18104526131533;1,29736663890694;2047,62596798638;1;1;0
Murcia, Región de;2015;557;230061;78,4;67,9;390,5;216,2;7,6246;100,00000;1692,0;79,7850833333333;2,421097013400793;31,40610545790935;20,07682458386684;1,56429645169816;2120,69716457024;1;1;0
Murcia, Región de;2016;662;224087;60,1;53,9;393,1;203,9;3,6499;101,39675;1627,9;79,6183333333333;2,954209748892171;26,43452672878862;15,28873060290002;1,72902037555521;2044,62958698792;1;1;0
Murcia, Región de;2017;680;219661;57,9;48,0;398,9;192,1;3,0860;102,61200;1684,2;80,8475833333333;3,095679251209819;24,98698594482040;14,51491601905240;1,72146954980809;2083,17915089196;1;1;0
Murcia, Región de;2018;535;215530;53,8;43,7;398,3;194,7;-0,1747;106,14000;1761,8;81,9793333333333;2,482253050619403;22,44478685156652;13,50740647752950;1,66166516783995;2149,07822296676;1;1;0
Murcia, Región de;2019;592;213147;48,9;39,1;400,8;195,2;2,3448;110,97300;1774,8;82,3127500000000;2,777425907941468;20,03073770491803;12,20059880239521;1,64178316403500;2156,16657200737;1;1;0
Murcia, Región de;2020;520;211476;53,7;43,1;391,7;193,6;-8,9491;114,37825;1843,4;82,1016666666667;2,458907866613706;22,26239669421488;13,70947153433751;1,62386979238808;2245,26501695053;1;1;0
Murcia, Región de;2021;899;211571;50,2;38,0;405,6;194,6;7,2118;120,32750;1878,0;84,5575833333333;4,249164583047771;19,52723535457348;12,37672583826430;1,57773837844920;2220,97170468645;1;1;1
Murcia, Región de;2022;845;213417;47,5;35,5;406,0;196,4;4,0257;129,51475;1865,6;92,0082500000000;3,959384678821275;18,07535641547861;11,69950738916256;1,54496730624933;2027,64426016145;1;1;1
Murcia, Región de;2023;1062;215059;44,7;36,1;411,0;201,8;1,0795;132,50500;2027,2;95,4440000000000;4,938179755322958;17,88899900891972;10,87591240875913;1,64482742565235;2123,96798122459;1;1;1
Murcia, Región de;2024;1276;218307;43,1;35,5;406,8;208,6;4,4439;143,76675;2120,9;98,0044166666667;5,844979776186746;17,01821668264622;10,59488692232055;1,60626694814396;2164,08614237624;1;1;1
Navarra, Comunidad Foral de;2008;156;107784;8,5;9,9;162,7;112,9;1,8736;179,10800;1870,7;73,2791666666667;1,447339122689824;8,76882196634190;5,22433927473878;1,67845568696921;2552,84016603173;0;0;0
Navarra, Comunidad Foral de;2009;158;105550;14,5;14,9;165,1;109,5;-3,9530;161,20400;1981,9;72,8525833333333;1,496920890573188;13,60730593607306;8,78255602665051;1,54935600692804;2720,42515078967;0;0;0
Navarra, Comunidad Foral de;2010;173;103223;15,1;18,4;170,5;108,6;0,6447;151,05750;2099,2;74,0120000000000;1,675983065789601;16,94290976058932;8,85630498533724;1,91309014184138;2836,29681673242;0;0;0
Navarra, Comunidad Foral de;2011;244;100211;18,5;18,5;176,9;103,6;0,2662;139,46275;2038,5;76,3660000000000;2,434862440251070;17,85714285714286;10,45788581119276;1,70752895752896;2669,38166199618;0;0;0
Navarra, Comunidad Foral de;2012;273;97381;23,9;22,2;178,8;95,0;-3,2016;119,90250;2082,4;78,3308333333333;2,803421612018771;23,36842105263158;13,36689038031320;1,74823166703369;2658,46782344117;0;0;0
Navarra, Comunidad Foral de;2013;419;93837;24,8;26,2;178,1;89,5;-1,0581;106,28500;2126,4;79,2922500000000;4,465189637349873;29,27374301675977;13,92476137001684;2,10227969003424;2681,72488484057;1;0;0
Navarra, Comunidad Foral de;2014;424;91863;21,1;21,0;178,3;84,0;1,9966;99,39475;2051,7;78,9200833333333;4,615568836201735;25,00000000000000;11,83398766124509;2,11255924170616;2599,71849159646;1;1;0
Navarra, Comunidad Foral de;2015;501;89226;22,2;15,0;178,7;78,8;3,4882;100,00000;2056,3;78,4128333333333;5,614955282092664;19,03553299492386;12,42305540011192;1,53227466044725;2622,40237036030;1;1;0
Navarra, Comunidad Foral de;2016;453;86739;19,0;13,5;179,2;75,5;2,4527;101,67650;2085,2;78,4325000000000;5,222564244457510;17,88079470198675;10,60267857142857;1,68644126873475;2658,59178274312;1;1;0
Navarra, Comunidad Foral de;2017;395;85417;14,5;12,3;177,9;76,9;3,5925;103,93525;2177,8;79,6685833333333;4,624372197571912;15,99479843953186;8,15064643057898;1,96239630509843;2733,57440145269;1;1;0
Navarra, Comunidad Foral de;2018;332;84131;15,4;10,7;179,0;77,9;1,8787;107,55700;2049,8;81,0285833333333;3,946226717856676;13,73555840821566;8,60335195530726;1,59653568511078;2529,72459307055;1;1;0
Navarra, Comunidad Foral de;2019;359;83858;13,2;9,1;179,7;77,6;2,3280;111,61350;2217,0;81,9796666666667;4,281046531040569;11,72680412371134;7,34557595993322;1,59644447047798;2704,32912226202;1;1;0
Navarra, Comunidad Foral de;2020;277;83710;13,4;13,3;176,6;72,6;-10,1129;113,49125;2209,2;81,5019166666667;3,309043125074663;18,31955922865014;7,58776896942242;2,41435385058180;2710,61110014795;1;1;0
Navarra, Comunidad Foral de;2021;448;84240;15,8;12,7;177,5;77,7;6,8816;116,68900;2280,4;84,2570833333333;5,318138651471985;16,34491634491634;8,90140845070423;1,83621686786244;2706,47868379019;1;1;1
Navarra, Comunidad Foral de;2022;517;84977;15,7;10,4;178,7;79,1;5,3345;125,15275;2292,5;91,6846666666667;6,083999199783471;13,14791403286979;8,78567431449357;1,49651734883683;2500,41809971860;1;1;1
Navarra, Comunidad Foral de;2023;542;85886;15,1;11,4;178,3;81,0;1,2502;132,56650;2515,7;95,0170000000000;6,310690915865217;14,07407407407407;8,46887268648345;1,66185921020358;2647,63147647263;1;1;1
Navarra, Comunidad Foral de;2024;545;87447;10,4;10,3;177,1;83,6;3,2998;146,35900;2589,1;97,4847500000000;6,232346449849623;12,32057416267943;5,87238848108413;2,09805161943320;2655,90258989227;1;1;1
País Vasco;2008;745;397065;29,2;33,6;566,2;372,3;1,2434;157,06150;2112,6;71,5943333333333;1,876267109919031;9,02497985495568;5,15718827269516;1,74998068283421;2950,79219491301;0;0;0
País Vasco;2009;722;380261;50,8;57,7;577,3;358,6;-3,8356;140,91525;2118,5;71,7864166666667;1,898695895713733;16,09035136642499;8,79958427160921;1,82853540233015;2951,11540368013;0;0;0
País Vasco;2010;721;363123;46,8;56,8;597,3;338,1;0,8162;138,61975;2097,7;73,0008333333333;1,985553104595413;16,79976338361431;7,83525866398795;2,14412364722924;2873,52884099497;0;0;0
País Vasco;2011;886;345804;59,9;59,5;611,0;325,8;-0,6706;127,96575;2114,7;75,2607500000000;2,562145030132676;18,26273787599754;9,80360065466448;1,86286024077371;2809,83115368901;0;0;0
País Vasco;2012;767;329084;78,3;69,5;609,5;305,2;-1,7859;108,61400;2131,2;77,0007500000000;2,330711915498779;22,77195281782438;12,84659557013946;1,77260603352030;2767,76524903978;0;0;0
País Vasco;2013;820;314497;85,5;68,1;609,9;277,9;-2,0929;99,53525;2162,0;78,2136666666667;2,607338066817808;24,50521770421015;14,01869158878505;1,74803886290032;2764,22279141326;1;0;0
País Vasco;2014;1022;301854;88,2;63,6;610,5;260,6;1,7706;99,03950;2147,2;78,3399166666667;3,385742776309077;24,40521872601688;14,44717444717445;1,68927279277022;2740,87603275895;1;1;0
País Vasco;2015;1209;290148;79,1;55,3;604,0;249,5;3,9562;100,00000;2250,2;78,1312500000000;4,166838992514165;22,16432865731463;13,09602649006622;1,69244684058382;2880,02559795216;1;1;0
País Vasco;2016;1046;279548;61,1;47,9;605,6;236,9;2,5966;102,57375;2235,2;78,1422500000000;3,741754546625267;20,21950189953567;10,08916776750330;2,00408025374121;2860,42441828844;1;1;0
País Vasco;2017;967;271844;57,2;39,7;600,7;231,0;2,3949;107,89050;2208,8;79,6919166666667;3,557187210311796;17,18614718614719;9,52222407191610;1,80484591166409;2771,67383141117;1;1;0
País Vasco;2018;820;265270;48,5;35,8;600,4;232,6;2,1337;113,74800;2241,8;80,9670000000000;3,091190108191654;15,39122957867584;8,07794803464357;1,90533901835814;2768,78234342386;1;1;0
País Vasco;2019;959;260667;41,0;32,6;594,7;231,0;1,4843;118,68750;2332,6;81,7420000000000;3,679023428358787;14,11255411255411;6,89423238607701;2,04700876359413;2853,61258594113;1;1;0
País Vasco;2020;734;257826;43,6;36,4;577,0;220,7;-10,2505;121,36200;2278,8;81,6295000000000;2,846881229976806;16,49297689170820;7,55632582322357;2,18267148314579;2791,63782701107;1;1;0
País Vasco;2021;1673;256806;47,6;36,2;581,8;236,4;6,4008;123,88250;2440,8;84,1520000000000;6,514645296449460;15,31302876480541;8,18150567205225;1,87166389398399;2900,46582374750;1;1;1
País Vasco;2022;1452;256167;44,9;28,7;579,4;238,4;6,4248;131,76500;2517,9;90,9255833333333;5,668177399899284;12,03859060402685;7,74939592682085;1,55348761602966;2769,18762321202;1;1;1
País Vasco;2023;1551;257566;31,6;28,1;571,1;251,5;1,7528;136,31625;2624,3;94,2182500000000;6,021757530108788;11,17296222664016;5,53318157940816;2,01926542013740;2785,34148108249;1;1;1
País Vasco;2024;1559;261751;36,1;32,0;575,7;239,6;2,6394;147,89700;2809,9;97,1015833333333;5,956042192770993;13,35559265442404;6,27062706270627;2,12986556541604;2893,77361680508;1;1;1
Rioja, La;2008;69;53162;5,5;5,4;80,2;60,3;1,5915;170,41600;1711,7;73,0544166666667;1,297919566607727;8,95522388059702;6,85785536159601;1,30583446404342;2343,04793344687;0;0;0
Rioja, La;2009;66;51910;8,8;8,2;82,6;56,7;-4,4475;161,12450;1796,5;72,7070000000000;1,271431323444423;14,46208112874779;10,65375302663438;1,35746352413019;2470,87625675657;0;0;0
Rioja, La;2010;66;50287;10,7;8,3;85,8;50,9;0,7262;155,02300;1809,0;73,9227500000000;1,312466442619365;16,30648330058939;12,47086247086247;1,30756660485100;2447,14921996273;0;0;0
Rioja, La;2011;95;48666;13,8;10,9;87,0;52,3;-1,2435;137,90925;1824,4;76,4802500000000;1,952081535363498;20,84130019120459;15,86206896551724;1,31390805553246;2385,45245341118;0;0;0
Rioja, La;2012;90;46732;15,1;12,9;86,9;48,9;-3,5211;117,83300;1818,5;78,4305833333333;1,925875203286827;26,38036809815951;17,37629459148447;1,51818144882786;2318,61083102149;0;0;0
Rioja, La;2013;129;44951;16,1;10,7;87,7;44,0;-2,5923;101,72300;1827,1;79,4322500000000;2,869791550799759;24,31818181818182;18,35803876852908;1,32466120835686;2300,19922638475;1;0;0
Rioja, La;2014;171;43426;15,5;8,6;89,4;42,2;1,1841;99,48325;1830,4;79,3066666666667;3,937733155252614;20,37914691943127;17,33780760626398;1,17541660296591;2308,00268997982;1;1;0
Rioja, La;2015;167;41912;11,4;7,5;87,8;39,4;3,7441;100,00000;1811,8;78,9960833333333;3,984539034166826;19,03553299492386;12,98405466970387;1,46606999732835;2293,53143035573;1;1;0
Rioja, La;2016;179;40366;10,3;6,7;88,0;37,0;1,6952;101,96000;1841,8;78,7174166666667;4,434425011147996;18,10810810810811;11,70454545454546;1,54710049855681;2339,76174268930;1;1;0
Rioja, La;2017;153;39201;8,9;6,4;86,7;36,3;0,8057;104,03675;1838,4;80,2365000000000;3,902961659141349;17,63085399449036;10,26528258362168;1,71752251833968;2291,22656147763;1;1;0
Rioja, La;2018;131;38299;6,7;5,6;88,2;36,5;1,9368;109,15650;1865,7;81,4655833333333;3,420454842162981;15,34246575342465;7,59637188208617;2,01970967082396;2290,16957058553;1;1;0
Rioja, La;2019;176;37675;7,0;4,5;87,1;37,2;1,3694;115,01225;1987,4;82,2036666666667;4,671532846715329;12,09677419354839;8,03673938002296;1,50518433179723;2417,65371374351;1;1;0
Rioja, La;2020;132;37226;7,3;6,1;86,2;35,9;-8,6926;117,18000;1947,3;81,7352500000000;3,545908773437920;16,99164345403900;8,46867749419953;2,00641050101118;2382,44820930994;1;1;0
Rioja, La;2021;160;36942;7,5;6,7;88,8;37,0;5,0443;121,33125;1949,1;84,3828333333333;4,331113637594067;18,10810810810811;8,44594594594595;2,14400000000000;2309,83000096781;1;1;1
Rioja, La;2022;158;36839;6,2;5,7;88,8;35,8;5,6441;130,00650;2084,8;91,9120000000000;4,288932924346481;15,92178770949721;6,98198198198198;2,28041088484412;2268,25659326312;1;1;1
Rioja, La;2023;267;36971;6,6;5,4;86,8;36,7;2,4672;133,66025;2248,9;95,1157500000000;7,221876605988478;14,71389645776567;7,60368663594470;1,93510032202130;2364,38234466952;1;1;1
Rioja, La;2024;185;37291;7,0;5,6;85,6;37,8;3,1794;145,98200;2366,0;97,6973333333333;4,960982542704674;14,81481481481481;8,17757009345794;1,81164021164021;2421,76517953407;1;1;1
