ccaa;año;parados_adulto;parados_joven
Andalucía;2008;273,4;302,5
Andalucía;2009;416,8;439,4
Andalucía;2010;481,6;482,8
Andalucía;2011;546,8;509,4
Andalucía;2012;651,7;567,0
Andalucía;2013;689,1;586,7
Andalucía;2014;692,9;531,9
Andalucía;2015;637,9;463,4
Andalucía;2016;574,9;414,1
Andalucía;2017;484,2;362,9
Andalucía;2018;431,1;319,4
Andalucía;2019;415,7;282,6
Andalucía;2020;407,2;315,4
Andalucía;2021;412,8;299,1
Andalucía;2022;368,1;245,0
Andalucía;2023;335,1;250,3
Andalucía;2024;308,2;223,5
Aragón;2008;18,2;23,8
Aragón;2009;38,9;39,3
Aragón;2010;45,0;42,9
Aragón;2011;51,9;48,1
Aragón;2012;56,9;53,2
Aragón;2013;68,0;52,4
Aragón;2014;61,8;51,8
Aragón;2015;53,3;39,2
Aragón;2016;46,7;34,5
Aragón;2017;35,6;26,5
Aragón;2018;32,8;21,5
Aragón;2019;29,2;23,4
Aragón;2020;33,3;28,2
Aragón;2021;30,2;23,8
Aragón;2022;29,8;20,4
Aragón;2023;26,6;18,1
Aragón;2024;20,3;20,8
Asturias, Principado de;2008;17,6;19,5
Asturias, Principado de;2009;25,8;32,7
Asturias, Principado de;2010;31,2;37,5
Asturias, Principado de;2011;38,1;38,8
Asturias, Principado de;2012;52,9;45,3
Asturias, Principado de;2013;59,3;48,6
Asturias, Principado de;2014;49,5;38,9
Asturias, Principado de;2015;47,1;30,0
Asturias, Principado de;2016;41,7;31,4
Asturias, Principado de;2017;33,3;20,2
Asturias, Principado de;2018;32,4;19,8
Asturias, Principado de;2019;33,6;20,2
Asturias, Principado de;2020;30,7;21,5
Asturias, Principado de;2021;26,9;18,3
Asturias, Principado de;2022;25,0;18,5
Asturias, Principado de;2023;24,9;16,0
Asturias, Principado de;2024;19,8;13,1
Balears, Illes;2008;21,6;28,6
Balears, Illes;2009;46,5;46,6
Balears, Illes;2010;51,4;51,7
Balears, Illes;2011;56,0;56,7
Balears, Illes;2012;60,8;60,8
Balears, Illes;2013;59,5;59,0
Balears, Illes;2014;53,5;46,3
Balears, Illes;2015;46,7;41,6
Balears, Illes;2016;35,4;37,1
Balears, Illes;2017;32,4;28,0
Balears, Illes;2018;36,1;24,8
Balears, Illes;2019;33,5;28,4
Balears, Illes;2020;44,3;40,5
Balears, Illes;2021;40,2;34,0
Balears, Illes;2022;31,0;23,8
Balears, Illes;2023;27,3;24,6
Balears, Illes;2024;24,3;24,1
Canarias;2008;75,8;75,7
Canarias;2009;124,2;118,7
Canarias;2010;142,6;124,2
Canarias;2011;148,8;132,2
Canarias;2012;171,6;148,5
Canarias;2013;176,7;151,7
Canarias;2014;181,4;129,9
Canarias;2015;154,2;123,5
Canarias;2016;142,7;97,8
Canarias;2017;129,9;84,7
Canarias;2018;109,8;76,2
Canarias;2019;115,7;77,8
Canarias;2020;119,0;86,1
Canarias;2021;110,2;93,6
Canarias;2022;87,9;71,3
Canarias;2023;81,8;62,5
Canarias;2024;72,9;50,5
Cantabria;2008;8,5;9,7
Cantabria;2009;14,0;17,2
Cantabria;2010;16,3;18,0
Cantabria;2011;19,0;19,6
Cantabria;2012;24,7;20,7
Cantabria;2013;27,4;24,0
Cantabria;2014;26,5;20,8
Cantabria;2015;25,2;17,1
Cantabria;2016;21,3;14,6
Cantabria;2017;18,1;13,8
Cantabria;2018;14,6;9,3
Cantabria;2019;13,9;9,8
Cantabria;2020;15,5;11,1
Cantabria;2021;14,8;10,6
Cantabria;2022;11,3;9,5
Cantabria;2023;9,9;7,6
Cantabria;2024;10,4;6,6
Castilla - La Mancha;2008;44,5;53,1
Castilla - La Mancha;2009;76,8;86,2
Castilla - La Mancha;2010;87,4;97,1
Castilla - La Mancha;2011;100,8;108,1
Castilla - La Mancha;2012;129,7;124,6
Castilla - La Mancha;2013;135,8;127,3
Castilla - La Mancha;2014;127,0;120,9
Castilla - La Mancha;2015;116,2;104,7
Castilla - La Mancha;2016;110,0;82,2
Castilla - La Mancha;2017;100,4;71,5
Castilla - La Mancha;2018;85,9;60,6
Castilla - La Mancha;2019;69,3;56,3
Castilla - La Mancha;2020;73,6;65,0
Castilla - La Mancha;2021;65,4;57,7
Castilla - La Mancha;2022;64,2;51,4
Castilla - La Mancha;2023;61,2;43,3
Castilla - La Mancha;2024;59,5;47,9
Castilla y León;2008;48,1;50,1
Castilla y León;2009;73,3;68,7
Castilla y León;2010;82,6;81,7
Castilla y León;2011;89,5;86,6
Castilla y León;2012;106,6;97,9
Castilla y León;2013;120,3;99,0
Castilla y León;2014;114,4;90,2
Castilla y León;2015;101,4;74,9
Castilla y León;2016;89,6;60,5
Castilla y León;2017;78,2;51,5
Castilla y León;2018;64,2;44,5
Castilla y León;2019;58,4;42,9
Castilla y León;2020;57,5;47,1
Castilla y León;2021;57,3;44,3
Castilla y León;2022;46,5;36,2
Castilla y León;2023;45,0;37,5
Castilla y León;2024;40,1;36,1
Cataluña;2008;138,4;157,6
Cataluña;2009;250,9;294,9
Cataluña;2010;292,6;298,2
Cataluña;2011;341,3;311,9
Cataluña;2012;408,3;348,5
Cataluña;2013;427,0;333,0
Cataluña;2014;372,4;279,2
Cataluña;2015;331,0;235,5
Cataluña;2016;285,8;197,7
Cataluña;2017;236,4;166,6
Cataluña;2018;193,9;152,5
Cataluña;2019;188,0;152,3
Cataluña;2020;207,0;189,2
Cataluña;2021;200,1;174,5
Cataluña;2022;174,2;133,8
Cataluña;2023;149,8;141,9
Cataluña;2024;145,8;128,3
Ceuta;2008;1,5;3,4
Ceuta;2009;2,4;3,6
Ceuta;2010;2,4;4,9
Ceuta;2011;3,6;5,0
Ceuta;2012;5,4;7,7
Ceuta;2013;5,7;6,3
Ceuta;2014;4,7;6,4
Ceuta;2015;3,2;5,6
Ceuta;2016;4,0;3,9
Ceuta;2017;3,5;3,5
Ceuta;2018;4,9;4,7
Ceuta;2019;4,1;4,0
Ceuta;2020;3,5;4,0
Ceuta;2021;4,6;5,3
Ceuta;2022;5,7;4,3
Ceuta;2023;6,4;4,1
Ceuta;2024;5,7;3,4
Comunitat Valenciana;2008;121,8;132,9
Comunitat Valenciana;2009;228,4;225,8
Comunitat Valenciana;2010;255,0;236,4
Comunitat Valenciana;2011;273,7;254,4
Comunitat Valenciana;2012;321,1;270,9
Comunitat Valenciana;2013;341,4;258,3
Comunitat Valenciana;2014;306,9;230,7
Comunitat Valenciana;2015;271,6;187,6
Comunitat Valenciana;2016;245,0;167,0
Comunitat Valenciana;2017;216,9;142,0
Comunitat Valenciana;2018;178,6;121,7
Comunitat Valenciana;2019;156,1;116,4
Comunitat Valenciana;2020;174,2;136,9
Comunitat Valenciana;2021;166,4;142,9
Comunitat Valenciana;2022;149,5;111,9
Comunitat Valenciana;2023;150,8;107,2
Comunitat Valenciana;2024;141,0;116,2
Extremadura;2008;31,7;29,7
Extremadura;2009;39,5;44,8
Extremadura;2010;49,6;49,9
Extremadura;2011;54,8;53,6
Extremadura;2012;75,1;69,6
Extremadura;2013;78,6;71,8
Extremadura;2014;73,7;56,6
Extremadura;2015;72,3;51,9
Extremadura;2016;66,8;49,2
Extremadura;2017;58,8;49,7
Extremadura;2018;52,9;43,9
Extremadura;2019;47,7;40,1
Extremadura;2020;47,9;37,8
Extremadura;2021;42,0;35,9
Extremadura;2022;40,3;27,5
Extremadura;2023;36,8;29,2
Extremadura;2024;32,8;23,9
Galicia;2008;43,9;53,3
Galicia;2009;66,2;76,9
Galicia;2010;85,1;90,2
Galicia;2011;98,2;102,0
Galicia;2012;122,2;116,9
Galicia;2013;136,2;114,2
Galicia;2014;137,3;103,0
Galicia;2015;122,7;87,2
Galicia;2016;110,3;74,3
Galicia;2017;102,3;60,7
Galicia;2018;83,3;52,7
Galicia;2019;74,4;44,9
Galicia;2020;70,7;50,5
Galicia;2021;65,2;48,7
Galicia;2022;63,0;46,1
Galicia;2023;57,4;38,3
Galicia;2024;50,7;40,8
Madrid, Comunidad de;2008;107,3;136,1
Madrid, Comunidad de;2009;184,0;223,7
Madrid, Comunidad de;2010;237,8;247,3
Madrid, Comunidad de;2011;249,2;241,0
Madrid, Comunidad de;2012;297,4;255,5
Madrid, Comunidad de;2013;317,5;253,2
Madrid, Comunidad de;2014;291,9;238,4
Madrid, Comunidad de;2015;272,3;220,0
Madrid, Comunidad de;2016;248,1;188,8
Madrid, Comunidad de;2017;215,0;155,2
Madrid, Comunidad de;2018;199,9;139,6
Madrid, Comunidad de;2019;160,1;128,9
Madrid, Comunidad de;2020;194,7;158,3
Madrid, Comunidad de;2021;182,2;140,1
Madrid, Comunidad de;2022;192,3;127,3
Madrid, Comunidad de;2023;150,3;138,0
Madrid, Comunidad de;2024;130,6;130,4
Melilla;2008;2,4;2,6
Melilla;2009;2,7;3,9
Melilla;2010;2,5;3,8
Melilla;2011;3,1;3,4
Melilla;2012;3,3;5,0
Melilla;2013;4,1;6,2
Melilla;2014;4,4;3,9
Melilla;2015;4,7;5,7
Melilla;2016;3,7;5,5
Melilla;2017;4,7;4,1
Melilla;2018;4,3;4,1
Melilla;2019;4,1;4,6
Melilla;2020;3,4;4,2
Melilla;2021;4,2;4,7
Melilla;2022;3,7;4,3
Melilla;2023;4,3;3,6
Melilla;2024;4,9;4,0
Murcia, Región de;2008;30,9;44,7
Murcia, Región de;2009;61,7;67,6
Murcia, Región de;2010;75,9;72,4
Murcia, Región de;2011;78,5;79,4
Murcia, Región de;2012;88,4;89,9
Murcia, Región de;2013;97,4;88,7
Murcia, Región de;2014;96,7;70,9
Murcia, Región de;2015;78,4;67,9
Murcia, Región de;2016;60,1;53,9
Murcia, Región de;2017;57,9;48,0
Murcia, Región de;2018;53,8;43,7
Murcia, Región de;2019;48,9;39,1
Murcia, Región de;2020;53,7;43,1
Murcia, Región de;2021;50,2;38,0
Murcia, Región de;2022;47,5;35,5
Murcia, Región de;2023;44,7;36,1
Murcia, Región de;2024;43,1;35,5
Navarra, Comunidad Foral de;2008;8,5;9,9
Navarra, Comunidad Foral de;2009;14,5;14,9
Navarra, Comunidad Foral de;2010;15,1;18,4
Navarra, Comunidad Foral de;2011;18,5;18,5
Navarra, Comunidad Foral de;2012;23,9;22,2
Navarra, Comunidad Foral de;2013;24,8;26,2
Navarra, Comunidad Foral de;2014;21,1;21,0
Navarra, Comunidad Foral de;2015;22,2;15,0
Navarra, Comunidad Foral de;2016;19,0;13,5
Navarra, Comunidad Foral de;2017;14,5;12,3
Navarra, Comunidad Foral de;2018;15,4;10,7
Navarra, Comunidad Foral de;2019;13,2;9,1
Navarra, Comunidad Foral de;2020;13,4;13,3
Navarra, Comunidad Foral de;2021;15,8;12,7
Navarra, Comunidad Foral de;2022;15,7;10,4
Navarra, Comunidad Foral de;2023;15,1;11,4
Navarra, Comunidad Foral de;2024;10,4;10,3
País Vasco;2008;29,2;33,6
País Vasco;2009;50,8;57,7
País Vasco;2010;46,8;56,8
País Vasco;2011;59,9;59,5
País Vasco;2012;78,3;69,5
País Vasco;2013;85,5;68,1
País Vasco;2014;88,2;63,6
País Vasco;2015;79,1;55,3
País Vasco;2016;61,1;47,9
País Vasco;2017;57,2;39,7
País Vasco;2018;48,5;35,8
País Vasco;2019;41,0;32,6
País Vasco;2020;43,6;36,4
País Vasco;2021;47,6;36,2
País Vasco;2022;44,9;28,7
País Vasco;2023;31,6;28,1
País Vasco;2024;36,1;32,0
Rioja, La;2008;5,5;5,4
Rioja, La;2009;8,8;8,2
Rioja, La;2010;10,7;8,3
Rioja, La;2011;13,8;10,9
Rioja, La;2012;15,1;12,9
Rioja, La;2013;16,1;10,7
Rioja, La;2014;15,5;8,6
Rioja, La;2015;11,4;7,5
Rioja, La;2016;10,3;6,7
Rioja, La;2017;8,9;6,4
Rioja, La;2018;6,7;5,6
Rioja, La;2019;7,0;4,5
Rioja, La;2020;7,3;6,1
Rioja, La;2021;7,5;6,7
Rioja, La;2022;6,2;5,7
Rioja, La;2023;6,6;5,4
Rioja, La;2024;7,0;5,6
